date,e_1ce84,e_605182,e_45650a,e_807348,e_5bfce2,e_36df83,e_763bb6,e_35ca7,e_95ec35,e_7ace5d,e_87406d,e_83a998,e_497233,e_80b0ef,e_97ab5f,e_97c2f5,e_5197a0,e_74da20,e_8e4e3c,e_5813bb,e_1a92ef,e_8f7f11,e_3b55a0,e_2d439
2022-04-01,j_74e2cb,j_1eb7d,j_105361,j_74e2cb,j_4f7eed,j_448c83,j_1f8493,j_3b61ab,j_14692d,j_185274,j_969212,j_89654b,j_1f8493,j_7cf1f8,j_264517,j_4cfb25,j_4f7eed,j_47dd5,j_56071c,j_89654b,j_602beb,j_47dd5,j_56071c,j_4f7eed
2022-04-02,,,,,,,,,j_448c83,j_185274,j_89654b,j_89654b,j_1f8493,j_7cf1f8,j_74e2cb,j_105361,j_4f7eed,j_47dd5,j_1f8493,j_74e2cb,j_602beb,j_47dd5,j_4f7eed,j_4f7eed
2022-04-03,,,,,,,,,j_14692d,,j_56071c,,j_1f8493,j_969212,j_1eb7d,j_56071c,j_4f7eed,j_47dd5,j_1f8493,j_4cfb25,j_264517,j_47dd5,j_4f7eed,j_4f7eed
2022-04-04,j_2ddd1e,j_284cd1,j_40b44a,j_24dae9,j_4f7eed,j_2ddd1e,j_8e6546,j_3b61ab,j_14692d,,j_8d9afe,,j_3b61ab,j_24dae9,j_1d3c1d,j_3ce972,j_4f7eed,,j_f1fdf,j_8e6546,j_3ce972,j_40e64c,j_1c69d0,j_4f7eed
2022-04-05,j_40e64c,j_284cd1,j_40b44a,j_24dae9,j_4f7eed,j_2ddd1e,j_8e6546,j_3b61ab,j_24dae9,j_2ddd1e,j_8d9afe,j_8d9afe,j_3b61ab,j_3ce972,j_1d3c1d,,j_4f7eed,,j_f1fdf,j_8e6546,j_3ce972,,j_1c69d0,j_4f7eed
2022-04-06,j_4b3654,j_72f1f2,j_85b18d,j_4b3654,j_713ea9,j_4b52ae,j_78f745,j_7abbd1,,j_4b3654,j_8d9afe,j_3ce972,,,j_5afdf8,,j_94552e,j_6bf23,j_78f745,j_8d9afe,j_3ce972,,j_66a614,j_713ea9
2022-04-07,j_78f745,j_8d9afe,j_85b18d,j_5afdf8,j_713ea9,j_4b52ae,j_78f745,j_7abbd1,,j_66a614,,j_8d9afe,,,,j_713ea9,,j_6bf23,,,,j_72f1f2,,
2022-04-08,j_4b3654,j_88cc3d,j_4b3654,j_5afdf8,j_6a5ba,j_2d0a91,j_2d0a91,j_7e1bd7,j_88cc3d,j_4b3654,,j_6204d,j_3983ab,j_7e1bd7,,j_550881,,j_6bf23,,,,j_67afe2,,
2022-04-09,,,,,,,,,j_436042,j_4b3654,j_516d80,j_516d80,j_4b3654,j_28bb35,j_4b3654,j_550881,j_2d0a91,j_2d0a91,j_3983ab,j_d7583,j_6a5ba,j_67afe2,j_42582d,j_28bb35
2022-04-10,,,,,,,,,j_436042,j_4b3654,j_516d80,j_516d80,j_4b3654,j_28bb35,j_4b3654,j_e67ef,j_42582d,j_85d0eb,j_e67ef,j_d7583,j_90ed0b,j_90ac80,j_42582d,j_28bb35
2022-04-11,j_4b3654,j_8b1b5,j_706811,j_4b3654,j_2e6a32,j_7d0ea2,j_94dcb,j_706811,j_337dc8,j_4b3654,j_516d80,j_516d80,j_7d0ea2,j_790cc4,j_5e66f1,j_e67ef,j_42582d,j_85d0eb,j_e67ef,j_790cc4,j_90ed0b,j_90ac80,j_42582d,j_5e66f1
2022-04-12,j_4b3654,j_8b1b5,j_4b3654,j_4b3654,j_8204f9,j_7d0ea2,j_8602ea,j_706811,j_706811,,j_4bac4b,,j_7d0ea2,j_790cc4,j_5e66f1,j_e67ef,j_23f96f,j_8602ea,j_e67ef,j_790cc4,j_337dc8,j_8b1b5,j_8602ea,j_5e66f1
2022-04-13,j_8204f9,j_8b1b5,j_8602ea,j_6e8158,j_8204f9,j_7d0ea2,j_8602ea,j_8b30ca,j_57e9d5,,j_57e9d5,,j_7d0ea2,j_790cc4,j_754f0e,j_e67ef,j_23f96f,,j_e67ef,j_790cc4,j_3aab6e,j_8b1b5,j_8602ea,j_6e8158
2022-04-14,j_8204f9,j_8e9ef9,j_8602ea,j_6e8158,j_8204f9,j_882ae3,j_8602ea,j_146eff,j_57e9d5,j_348070,j_57e9d5,j_d08af,j_48b103,j_68a2cb,j_8c2310,,j_8c2310,,j_882ae3,j_8c2310,j_3aab6e,,j_8602ea,j_6e8158
2022-04-15,j_48b103,j_8efcd0,j_5baf8e,j_6e8158,j_8c2310,j_882ae3,j_8602ea,j_5baf8e,,j_348070,j_60eb12,j_d08af,,,j_8c2310,,j_68a2cb,j_8602ea,j_882ae3,j_8c2310,j_9309e,,j_8602ea,j_6e8158
2022-04-16,,,,,,,,,,j_8c2310,,j_8c2310,,,,j_6e8158,,j_6e8158,,,,j_8c2310,,
2022-04-17,,,,,,,,,j_a5dce,j_8c2310,,j_8c2310,j_a5dce,j_353c29,,j_77e41d,,j_60eb12,,,,j_8c2310,,
2022-04-18,j_156d6b,j_66646f,j_640a5a,j_7c3a76,j_96d1e0,j_636c39,j_640a5a,j_640a5a,j_a5dce,j_7c3a76,j_636c39,j_64751a,j_a5dce,j_353c29,j_8c2310,j_77e41d,j_8c2310,j_156d6b,j_353c29,j_8c2310,j_6c6192,j_6c6192,j_6c6469,j_66646f
2022-04-19,j_156d6b,j_66646f,j_640a5a,j_5c2b3,j_96d1e0,j_636c39,j_640a5a,j_640a5a,j_5c2b3,j_504d43,j_636c39,j_64751a,j_79f05a,j_504d43,j_4ae68f,j_85b64,j_88f6ca,j_156d6b,j_986771,j_45e803,j_6c6192,j_6c6192,j_986771,j_66646f
2022-04-20,j_156d6b,j_88f6ca,j_640a5a,j_5c2b3,j_514722,j_96a505,j_640a5a,j_640a5a,j_5c2b3,j_504d43,j_e42ec,j_96fbeb,j_79f05a,j_504d43,j_4ae68f,j_85b64,j_88f6ca,j_156d6b,j_986771,j_45e803,j_700d5e,j_1aa539,j_986771,j_e42ec
2022-04-21,j_156d6b,j_2fc508,j_640a5a,j_5c2b3,j_514722,j_96fbeb,j_640a5a,j_640a5a,j_5c2b3,,j_82cf35,,j_96fbeb,j_c236f,j_723a27,j_c236f,j_82cf35,j_156d6b,j_9314ba,j_82cf35,j_700d5e,j_1aa539,j_96fbeb,j_886f80
2022-04-22,j_51823e,j_102990,j_640a5a,j_51823e,j_68dfb,j_96fbeb,j_640a5a,j_640a5a,j_5f2d9f,,j_82cf35,,j_96fbeb,j_5f2d9f,j_723a27,j_410fec,j_82cf35,,j_9314ba,j_82cf35,j_410fec,j_68dfb,j_96fbeb,j_886f80
2022-04-23,,,,,,,,,j_5f2d9f,j_51823e,j_82cf35,j_96fbeb,j_96fbeb,j_410fec,j_5f2d9f,,j_82cf35,,j_68dfb,j_82cf35,j_410fec,,j_96fbeb,j_68dfb
2022-04-24,,,,,,,,,,j_96fbeb,j_82cf35,j_96fbeb,,,j_5f2d9f,,j_82cf35,j_5f2d9f,j_410fec,j_82cf35,j_410fec,,j_96fbeb,j_51823e
2022-04-25,j_51823e,j_5f2d9f,j_5ccaa9,j_51823e,j_90036e,j_17ef00,j_5ccaa9,j_1c0afd,,j_51823e,,j_37da4d,,,,j_37da4d,,j_5f2d9f,,,,j_45b2c9,,
2022-04-26,j_51823e,j_422932,j_517fd7,j_51823e,j_3b244d,j_b982d,j_9518ef,j_2a70da,j_517fd7,j_51823e,,j_c7795,j_2fbcee,j_83c3ff,,j_8bd7f7,,j_38b65b,,,,j_8331f1,,
2022-04-27,j_51823e,j_d81f6,j_517fd7,j_51823e,j_3b244d,j_3c3b96,j_9518ef,j_2a70da,j_517fd7,j_51823e,j_2f0a2c,j_3c3b96,j_15749d,j_83c3ff,j_94385e,j_d81f6,j_15749d,j_38b65b,j_1ee5b3,j_1cad86,j_1ee5b3,j_8331f1,j_2f0a2c,j_41db45
2022-04-28,j_51823e,j_3b1f3d,j_517fd7,j_51823e,j_8f0e81,j_91bd21,j_3b4584,j_614af8,j_517fd7,j_51823e,j_2f0a2c,j_47c0e2,j_1ae72,j_34e5c2,j_94385e,j_8f0e81,j_614af8,j_8420ef,j_34e5c2,j_1cad86,j_1ae72,j_6450e9,j_2f0a2c,j_41db45
2022-04-29,j_51823e,j_6fd78,j_517fd7,j_51823e,j_8f0e81,j_91bd21,j_3b4584,j_3aee1e,j_517fd7,j_51823e,j_2f0a2c,j_411ab0,j_7c896a,j_34e5c2,j_af4e,j_8f0e81,j_655bea,j_8420ef,j_34e5c2,j_477ee1,j_66dce,j_7c896a,j_2f0a2c,j_5022b
2022-04-30,,,,,,,,,j_7d6648,,j_411ab0,,j_8f0e81,j_34e5c2,j_51823e,j_8f0e81,j_477ee1,j_7c896a,j_34e5c2,j_5022b,j_7c896a,j_51823e,j_3718f1,j_51823e
2022-05-01,,,,,,,,,j_7d6648,,j_20ed5c,,j_7c896a,j_595e9c,j_51823e,j_3c4561,j_367cc8,,j_595e9c,j_367cc8,j_7c896a,j_51823e,j_3718f1,j_51823e
2022-05-02,j_7f793f,j_3d09e1,j_893ec2,j_308587,j_35f673,j_7fc5d4,j_10d334,j_3c4561,j_214c73,j_214c73,j_7f793f,j_4f75e7,j_5a49a4,j_595e9c,j_63412e,,j_367cc8,,j_595e9c,j_367cc8,j_3c1ac3,,j_7fc5d4,j_35f673
2022-05-03,j_7f793f,j_1312c7,j_893ec2,j_214c73,j_35f673,j_7fc5d4,j_7f793f,j_1d9790,,j_214c73,j_595e9c,j_35f673,,,j_63412e,,j_4cc365,j_4a555d,j_595e9c,j_326b9b,j_3c1ac3,,j_7fc5d4,j_10d334
2022-05-04,j_595e9c,j_97ef36,j_97ef36,j_9842b8,j_595e9c,j_9842b8,j_97ef36,j_6c6bda,,j_3ca2f6,,j_495f6d,,,,j_6c6bda,,j_4a555d,,,,j_3ca2f6,,
2022-05-05,j_904b33,j_97ef36,j_97ef36,j_9842b8,j_34cbea,j_9842b8,j_97ef36,j_6c6bda,j_44ee0d,j_93e9ab,,j_495f6d,j_904b33,j_1d8760,,j_6c6bda,,j_572a53,,,,j_34cbea,,
2022-05-06,j_904b33,j_97ef36,j_97ef36,j_9842b8,j_34cbea,j_9842b8,j_97ef36,j_15da98,j_44ee0d,j_93e9ab,j_8eb24c,j_554401,j_904b33,j_1d8760,j_466a0f,j_339538,j_466a0f,j_572a53,j_15da98,j_339538,j_76e39,j_34cbea,j_8eb24c,j_75a254
2022-05-07,,,,,,,,,j_554401,j_93e9ab,j_8eb24c,j_34cbea,j_466a0f,j_1d8760,j_466a0f,j_97ef36,j_97ef36,j_572a53,j_339538,j_339538,j_34cbea,j_97ef36,j_8eb24c,j_75a254
2022-05-08,,,,,,,,,j_15da98,j_5227ee,j_975b5d,j_34cbea,j_47c3ae,j_2bc584,j_5227ee,j_339538,j_6aa27a,j_975b5d,j_15da98,j_339538,j_76e39,j_34cbea,j_94830d,j_6509f4
2022-05-09,j_6d375e,j_6a12f1,j_171311,j_331bcb,j_94830d,j_6509f4,j_56f54a,j_48d8e6,j_28034f,,j_975b5d,,j_47c3ae,j_2bc584,j_5227ee,j_28034f,j_25956b,j_975b5d,j_25956b,j_8fe9bc,j_48d8e6,j_a14bd,j_5227ee,j_6509f4
2022-05-10,j_6d375e,j_398c23,j_c2f00,j_6f040f,j_52bc90,j_6f040f,j_56f54a,j_48d8e6,j_28034f,,j_2e0568,,j_8c949e,j_398c23,j_5227ee,j_28034f,j_25956b,,j_25956b,j_6572a3,j_48d8e6,j_a14bd,j_5227ee,j_f087d
2022-05-11,j_6d84b2,j_28034f,j_917f49,j_5811f,j_52bc90,j_5a7160,j_398c23,j_48d8e6,j_28034f,j_53b2e,j_2e0568,j_3e6b59,j_8c949e,j_398c23,j_5a7160,,j_452a38,,j_452a38,j_6d84b2,j_48d8e6,,j_5a7160,j_f087d
2022-05-12,j_6d84b2,j_28034f,j_917f49,j_398c23,j_178338,j_5811f,j_398c23,j_5a7160,,j_53b2e,j_6af059,j_28034f,,,j_5a7160,,j_452a38,j_350e6,j_452a38,j_6d84b2,j_350e6,,j_5a7160,j_6af059
2022-05-13,j_6d84b2,j_398c23,j_9021f3,j_65cf53,j_178338,j_5a7160,j_398c23,j_5a7160,,j_6d84b2,,j_350e6,,,,j_178338,,j_350e6,,,,j_5a7160,,
2022-05-14,,,,,,,,,j_5a7160,j_6d84b2,,j_65cf53,j_6d84b2,j_65cf53,,j_5a7160,,j_9021f3,,,,j_5a7160,,
2022-05-15,,,,,,,,,j_4475a3,j_70beb9,j_78318f,j_64f144,j_4475a3,j_36ed37,j_5a7160,j_280b09,j_7c32bf,j_95ead,j_78318f,j_70beb9,j_95ead,j_5a7160,j_5a7160,j_81f790
2022-05-16,j_5b073b,j_10f16c,j_958c30,j_1c5e89,j_727274,j_5a7160,j_970128,j_727274,j_89fa06,j_5fce38,j_78318f,j_60b1ce,j_958c30,j_36ed37,j_5a7160,j_280b09,j_7c32bf,j_37d3be,j_78318f,j_89fa06,j_502fbf,j_502fbf,j_5a7160,j_81f790
2022-05-17,j_5b073b,j_794774,j_764295,j_4f6cd2,j_24fbe2,j_6a40e,j_5521d6,j_7f8104,j_89fa06,j_5fce38,j_78318f,j_512c97,j_22c093,j_948b86,j_6a40e,j_894d5,j_8b62c0,j_37d3be,j_78318f,j_89fa06,j_194dbe,j_1820b6,j_489a3c,j_550c59
2022-05-18,j_11d9e4,j_741f51,j_764295,j_28d499,j_24fbe2,j_6a40e,j_3c0cc7,j_7f8104,j_cedcc,,j_14ff8a,,j_764295,j_948b86,j_6a40e,j_cedcc,j_3c0cc7,j_44e51c,j_11d9e4,j_6173a2,j_5ccafa,j_6173a2,j_23b9f5,j_550c59
2022-05-19,j_11d9e4,j_741f51,j_20abd7,j_28d499,j_530719,j_2e7c53,j_3c0cc7,j_75048a,j_75048a,,j_14ff8a,,j_530719,j_5b6b97,j_44e51c,j_5bf281,j_3c0cc7,,j_11d9e4,j_6173a2,j_5ccafa,j_6173a2,j_23b9f5,j_20abd7
2022-05-20,j_2f32df,j_67fa19,j_5bf281,j_679d32,j_2f32df,j_84995a,j_3c0cc7,j_679d32,j_5f16a4,j_6c9a6e,j_3c0cc7,j_72a4fd,j_624ab7,j_5b6b97,j_6173a2,,j_20abd7,,j_b46e6,j_6173a2,j_f5561,,j_2117f0,j_20abd7
2022-05-21,,,,,,,,,,j_2f32df,j_3c0cc7,j_2f32df,,,j_6173a2,,j_3c0cc7,j_28d7f1,j_3e0de4,j_6173a2,j_3e0de4,,j_2117f0,j_6c9a6e
2022-05-22,,,,,,,,,,j_2f32df,,j_2f32df,,,,j_8a1672,,j_28d7f1,,,,j_dc63e,,
2022-05-23,j_1fe52e,j_8c3480,j_6973d5,j_6825fb,j_7e022c,j_109c60,j_19b59,j_1fe52e,j_6825fb,j_cd61b,,j_19b59,j_6973d5,j_66301e,,j_8a1672,,j_28d7f1,,,,j_dc63e,,
2022-05-24,j_1fe52e,j_8c3480,j_6973d5,j_6825fb,j_7e022c,j_109c60,j_19b59,j_1fe52e,j_6825fb,j_6a3a0e,j_5a6124,j_19b59,j_6973d5,j_66301e,j_2452d0,j_2452d0,j_5a6124,j_28d7f1,j_80e99f,j_f909d,j_6973d5,j_229aa5,j_2676cb,j_5c9756
2022-05-25,j_2d8f99,j_916374,j_6973d5,j_6825fb,j_328da5,j_328da5,j_19b59,j_89922d,j_6825fb,j_6497ed,j_6497ed,j_19b59,j_6973d5,j_1a002,j_960363,j_676e91,j_4a94a1,j_c88b6,j_2676cb,j_f909d,j_6973d5,j_229aa5,j_2676cb,j_5c9756
2022-05-26,j_2d8f99,j_2d8f99,j_6973d5,j_6825fb,j_1b46c7,j_239df7,j_1930d7,j_89922d,j_6825fb,j_6497ed,j_6497ed,j_44fba8,j_6973d5,j_1a002,j_960363,j_676e91,j_4a94a1,j_c88b6,j_42f487,j_1b46c7,j_6973d5,j_6b9d1a,j_5440b0,j_1d33a4
2022-05-27,j_2d8f99,j_2d8f99,j_6973d5,j_6d2547,j_1b46c7,j_239df7,j_6b9d1a,j_44fba8,j_6e01c0,,j_6497ed,,j_6973d5,j_4febfe,j_44fba8,j_6d2547,j_44fba8,j_6d2547,j_42f487,j_1b46c7,j_6973d5,j_6497ed,j_5440b0,j_1d33a4
2022-05-28,,,,,,,,,j_6e01c0,,j_44fba8,,j_4febfe,j_6d2547,j_2d8f99,j_2d8f99,j_1b46c7,,j_6d2547,j_1b46c7,j_4febfe,j_44fba8,j_44fba8,j_6d2547
2022-05-29,,,,,,,,,j_86a752,j_86a752,j_759507,j_44fba8,j_4febfe,j_6d2547,j_44fba8,,j_44fba8,,j_6d2547,j_4febfe,j_4febfe,,j_24cadd,j_6d2547
2022-05-30,j_4bd99,j_3d609,j_4bd99,j_6d2547,j_163ad4,j_4febfe,j_163ad4,j_44fba8,,j_163ad4,j_759507,j_44fba8,,,j_24cadd,,j_44fba8,j_6d2547,j_f696c,j_4febfe,j_4febfe,,j_24cadd,j_6d2547
2022-05-31,j_4bd99,j_4febfe,j_4bd99,j_6d2547,j_24cadd,j_4febfe,j_163ad4,j_4febfe,,j_3d609,,j_163ad4,,,,j_6d2547,,j_6d2547,,,,j_24cadd,,
2022-06-01,j_28ee76,j_29662f,j_4089a5,j_88d964,j_24cadd,j_4febfe,j_163ad4,j_29662f,j_57817e,j_163ad4,,j_163ad4,j_4febfe,j_4febfe,,j_43ce7f,,j_28ee76,,,,j_24cadd,,
2022-06-02,j_28ee76,j_8a148a,j_4089a5,j_88d964,j_163ad4,j_77737e,j_163ad4,j_7a3ceb,j_57817e,j_163ad4,j_668fd4,j_63b56c,j_24017d,j_63ae9f,j_77737e,j_43ce7f,j_881bd0,j_28ee76,j_1cd52a,j_1cd52a,j_881bd0,j_5272f1,j_8a148a,j_2a31c4
2022-06-03,j_894e90,j_8a148a,j_4089a5,j_9392cc,j_163ad4,j_77737e,j_163ad4,j_7a3ceb,j_57817e,j_163ad4,j_668fd4,j_63b56c,j_24017d,j_63ae9f,j_77737e,j_678a79,j_881bd0,j_50086b,j_25e4c4,j_25e4c4,j_881bd0,j_5272f1,j_8a148a,j_2a31c4
2022-06-04,,,,,,,,,j_188d3e,j_84cb5,j_fa72d,j_84cb5,j_72c0a9,j_fa72d,j_188d3e,j_84cb5,j_105a79,j_50086b,j_25e4c4,j_25e4c4,j_53b074,j_53b074,j_123a8b,j_894e90
2022-06-05,,,,,,,,,j_188d3e,,j_fa72d,,j_fa72d,j_84cb5,j_188d3e,j_84cb5,j_105a79,j_123a8b,j_25e4c4,j_25e4c4,j_53b074,j_53b074,j_84cb5,j_72c0a9
2022-06-06,j_5c6417,j_1f06f8,j_6f71ce,j_a581b,j_97c166,j_10856,j_3e0940,j_97c166,j_188d3e,,j_fa72d,,j_fa72d,j_84cb5,j_188d3e,j_84cb5,j_a1f7c,,j_490084,j_3e0940,j_5c6417,j_7ac8f6,j_84cb5,j_490084
2022-06-07,j_5c6417,j_69926d,j_6f71ce,j_3163b2,j_97c166,j_630a91,j_3e0940,j_97c166,j_3163b2,j_84cb5,j_fa72d,j_84cb5,j_76e173,j_fa72d,j_69926d,,j_2cec46,,j_76e173,j_3e0940,j_5c6417,,j_84cb5,j_4269b5
2022-06-08,j_317f0d,j_1bd5cc,j_97f8b8,j_3163b2,j_84844a,j_4ca5c8,j_3cadeb,j_1201f0,,j_84ba1b,j_8649b7,j_408149,,,j_3e1669,,j_56f11,j_4ca5c8,j_3163b2,j_6288f4,j_486a79,,j_6288f4,j_4269b5
2022-06-09,j_317f0d,j_1bd5cc,j_97f8b8,j_77a03a,j_84ba1b,j_4ca5c8,j_84844a,j_6ca5ee,,j_3e1669,,j_77a03a,,,,j_8649b7,,j_4ca5c8,,,,j_272d93,,
2022-06-10,j_8e811,j_915a99,j_13be32,j_8e811,j_ed62c,j_4ca5c8,j_2239ef,j_6ca5ee,j_41aa31,j_64222b,,j_4c82d6,j_4b7001,j_4c82d6,,j_64222b,,j_4ca5c8,,,,j_272d93,,
2022-06-11,,,,,,,,,j_41aa31,j_64222b,j_19ee4b,j_4c82d6,j_8e811,j_4c82d6,j_13be32,j_64222b,j_7360ec,j_8e811,j_70ccef,j_47b239,j_2239ef,j_ed62c,j_7360ec,j_2f94b1
2022-06-12,,,,,,,,,j_29129e,j_21b450,j_73c6a4,j_73c6a4,j_2253be,j_21b450,j_655023,j_5c7221,j_7360ec,j_29129e,j_70ccef,j_47b239,j_380a2b,j_1ee7fb,j_7360ec,j_2f94b1
2022-06-13,j_595e43,j_916f1d,j_7dbc7b,j_954ed2,j_3f3a0f,j_916f1d,j_aeee5,j_2d44db,j_29129e,j_21b450,j_73c6a4,j_73c6a4,j_400b8d,j_21b450,j_655023,j_5c7221,j_7360ec,j_29129e,j_2cc8e3,j_400b8d,j_380a2b,j_57c9e3,j_7360ec,j_2cc8e3
2022-06-14,j_595e43,j_53eccd,j_7dbc7b,j_954ed2,j_3f3a0f,j_53eccd,j_aeee5,j_2d44db,j_29129e,,j_7a7de,,j_958dc6,j_7e2abf,j_3dbb3c,j_958dc6,j_7e2abf,j_29129e,j_2cc8e3,j_1d3eca,j_6f16bf,j_57c9e3,j_6becc5,j_2cc8e3
2022-06-15,j_84578b,j_53eccd,j_594ae3,j_277247,j_3f3a0f,j_53eccd,j_40055b,j_11245,j_6ef567,,j_7a7de,,j_2c50c5,j_7e2abf,j_1421e1,j_2ff129,j_7e2abf,,j_2cc8e3,j_1d3eca,j_588a86,j_84578b,j_48c419,j_2cc8e3
2022-06-16,j_84578b,j_84578b,j_594ae3,j_65b493,j_22caad,j_3055e,j_40055b,j_11245,j_6ef567,j_65b493,j_4078dc,j_3055e,j_2c50c5,j_5ceaf4,j_1421e1,,j_d4d14,,j_6ab87e,j_92bcc3,j_588a86,,j_48c419,j_974f89
2022-06-17,j_41c84a,j_94e608,j_17555a,j_65b493,j_22caad,j_5ceaf4,j_908a1e,j_908a1e,,j_65b493,j_4078dc,j_3055e,,,j_974f89,,j_6b9a4a,j_17555a,j_94e608,j_92bcc3,j_5b8d15,,j_3055e,j_974f89
2022-06-18,,,,,,,,,,j_908a1e,,j_3055e,,,,j_908a1e,,j_3055e,,,,j_17555a,,
2022-06-19,,,,,,,,,j_96a6dd,j_962497,,j_668858,j_1a7186,j_1a7186,,j_962497,,j_41c84a,,,,j_6b9a4a,,
2022-06-20,j_121c88,j_231e33,j_8e16e7,j_355253,j_d8714,j_90f1ed,j_450de3,j_647df7,j_7682f7,j_962497,j_355253,j_668858,j_647df7,j_450de3,j_6b17f7,j_962497,j_300d6,j_355253,j_8271a1,j_212097,j_3b652f,j_77499a,j_77499a,j_6b17f7
2022-06-21,j_121c88,j_979b1,j_8e16e7,j_355253,j_d8714,j_90f1ed,j_450de3,j_4fe0bc,j_7682f7,j_8ef4b1,j_355253,j_19f8a8,j_90553e,j_450de3,j_6b17f7,j_2a3fbf,j_300d6,j_355253,j_8271a1,j_377999,j_3b652f,j_19f8a8,j_5b9cf6,j_6b17f7
2022-06-22,j_79a88f,j_253107,j_8e16e7,j_355253,j_74d282,j_32d2ff,j_462eea,j_4fe0bc,j_3ac2fd,j_8ef4b1,j_355253,j_19f8a8,j_90553e,j_4bd9b1,j_6b17f7,j_2a3fbf,j_4bd9b1,j_355253,j_32d2ff,j_377999,j_7fd5c,j_19f8a8,j_5b9cf6,j_6b17f7
2022-06-23,j_79a88f,j_7fd5c,j_28476c,j_355253,j_74d282,j_32d2ff,j_9331eb,j_86210a,j_3ac2fd,,j_355253,,j_8ad541,j_4bd9b1,j_6b17f7,j_2a3fbf,j_4bd9b1,j_355253,j_32d2ff,j_7fd5c,j_7fd5c,j_9331eb,j_86210a,j_6b17f7
2022-06-24,j_3dfd61,j_7fd5c,j_28476c,j_35451,j_818e5,j_4cd676,j_9331eb,j_86210a,j_3dfd61,,j_4cd676,,j_c23f6,j_2420b3,j_749e97,j_35451,j_2420b3,,j_c23f6,j_7fd5c,j_7fd5c,j_9331eb,j_86210a,j_871da
2022-06-25,,,,,,,,,j_3dfd61,j_3dfd61,j_4cd676,j_35451,j_4cd676,j_7fd5c,j_35451,,j_818e5,,j_c23f6,j_7fd5c,j_7fd5c,,j_c23f6,j_871da
2022-06-26,,,,,,,,,,j_97ee5f,j_4cd676,j_7fd5c,,,j_35451,,j_2420b3,j_2420b3,j_4cd676,j_7fd5c,j_7fd5c,,j_35451,j_c65a6
2022-06-27,j_531661,j_97ee5f,j_632e0d,j_35451,j_91c02,j_4cd676,j_794fed,j_c65a6,,j_4cd676,,j_95aa13,,,,j_35451,,j_6d4655,,,,j_91c02,,
2022-06-28,j_531661,j_93399f,j_632e0d,j_52663c,j_91c02,j_196d14,j_89df62,j_196d14,j_52663c,j_6d4655,,j_79ad11,j_89df62,j_743d5c,,j_93399f,,j_6d4655,,,,j_91c02,,
2022-06-29,j_4452a6,j_4ac51e,j_632e0d,j_6543ca,j_757df8,j_35c2e6,j_1511dd,j_83477c,j_a4c74,j_1511dd,j_83477c,j_8f0de2,j_739aec,j_743d5c,j_aa26f,j_9b728,j_372e8f,j_372e8f,j_6543ca,j_35c2e6,j_8f0de2,j_739aec,j_2aaee9,j_4452a6
2022-06-30,j_4452a6,j_51b80f,j_af495,j_8c37f0,j_9361d7,j_5b0435,j_1511dd,j_83477c,j_a4c74,j_1511dd,j_83477c,j_1b7d4c,j_784b7b,j_7de313,j_1a1496,j_9b728,j_372e8f,j_372e8f,j_8b1fae,j_78b214,j_47b015,j_7de313,j_83477c,j_4452a6
2022-07-01,j_5426f3,j_15b82,j_af495,j_80aa97,j_9361d7,j_298c16,j_49518a,j_83477c,j_82e437,j_cb925,j_83477c,j_1b7d4c,j_cb925,j_7de313,j_1a1496,j_653d27,j_298c16,j_2ab62f,j_8b1fae,j_78b214,j_8d654b,j_7de313,j_83477c,j_1f5e04
2022-07-02,,,,,,,,,j_82e437,,j_83477c,,j_cb925,j_388551,j_83477c,j_653d27,j_5426f3,j_2ab62f,j_2654c4,j_49518a,j_9361d7,j_cb925,j_83477c,j_1f5e04
2022-07-03,,,,,,,,,j_6c59d7,,j_83477c,,j_52c360,j_ef4c1,j_83477c,j_8c61a3,j_6c59d7,,j_2654c4,j_625298,j_625298,j_1a2ccf,j_83477c,j_1f5e04
2022-07-04,j_67c66f,j_6cfa3b,j_366ec3,j_ca1d1,j_673ed6,j_2f6f99,j_4a0e0,j_83477c,j_6c59d7,j_2ab7ab,j_83477c,j_6cfa3b,j_52c360,j_ef4c1,j_22ef4c,,j_6c59d7,,j_58bfd9,j_22ef4c,j_22ef4c,,j_83477c,j_52c360
2022-07-05,j_67c66f,j_431a06,j_366ec3,j_ca1d1,j_673ed6,j_2ab7ab,j_4a0e0,j_5136c6,,j_2ab7ab,j_701e7f,j_33570c,,,j_22ef4c,,j_33570c,j_701e7f,j_58bfd9,j_22ef4c,j_22ef4c,,j_1a9f3b,j_8d9966
2022-07-06,j_22ef4c,j_431a06,j_22ef4c,j_22ef4c,j_701e7f,j_8d9966,j_1a9f3b,j_4e6c06,,j_2ab7ab,,j_277b96,,,,j_2ab7ab,,j_701e7f,,,,j_3e410c,,
2022-07-07,j_22ef4c,j_19ad2c,j_22ef4c,j_22ef4c,j_5c21f0,j_437976,j_44e771,j_4e6c06,j_279501,j_19ad2c,,j_4e6c06,j_3b0bae,j_22f7e,,j_796ef9,,j_437976,,,,j_72cff5,,
2022-07-08,j_1920fb,j_19ad2c,j_6eb828,j_83ee31,j_5c21f0,j_437976,j_44e771,j_88fdc3,j_279501,j_19ad2c,j_253538,j_253538,j_3b0bae,j_df9e,j_15119e,j_796ef9,j_cc841,j_437976,j_8e5c04,j_cc841,j_7a411f,j_72cff5,j_6eb828,j_df9e
2022-07-09,,,,,,,,,j_df9e,j_19ad2c,j_253538,j_253538,j_6d04e9,j_6eb828,j_15119e,j_796ef9,j_cc841,j_df9e,j_1920fb,j_cc841,j_5c21f0,j_83ee31,j_6eb828,j_19ad2c
2022-07-10,,,,,,,,,j_6084a9,j_5c98f,j_d1f2c,j_7ec50d,j_6d04e9,j_6eb828,j_d1f2c,j_859ed0,j_cc841,j_5c98f,j_7128df,j_cc841,j_39f0e4,j_6084a9,j_6eb828,j_6b3e33
2022-07-11,j_46b468,j_65c4e5,j_4b165f,j_46aa0d,j_65c4e5,j_25518b,j_4b165f,j_4d5f71,j_6084a9,,j_d1f2c,,j_1ad477,j_5c98f,j_d1f2c,j_859ed0,j_d1f2c,j_5c98f,j_7128df,j_65c4e5,j_39f0e4,j_6084a9,j_5a54bd,j_6857b4
2022-07-12,j_46b468,j_65c4e5,j_4b165f,j_46aa0d,j_65c4e5,j_25518b,j_4b165f,j_7a6519,j_7a6519,,j_d1f2c,,j_111595,j_244821,j_d1f2c,j_399c24,j_d1f2c,,j_2289b6,j_65c4e5,j_46b468,j_16610c,j_1f354,j_6857b4
2022-07-13,j_16610c,j_65c4e5,j_4b165f,j_51cfaa,j_65c4e5,j_4d1cd5,j_4b165f,j_7a6519,j_7a6519,j_4d1cd5,j_d1f2c,j_6285cc,j_111595,j_244821,j_d1f2c,,j_d1f2c,,j_4d1cd5,j_65c4e5,j_6285cc,,j_1f354,j_3d7175
2022-07-14,j_7f8f8d,j_65c4e5,j_96245f,j_96245f,j_65c4e5,j_4d1cd5,j_7ef49f,j_7f8f8d,,j_4d1cd5,j_d1f2c,j_6285cc,,,j_d1f2c,,j_d1f2c,j_4c05c5,j_4d1cd5,j_65c4e5,j_6285cc,,j_4c05c5,j_3d7175
2022-07-15,j_7f8f8d,j_65c4e5,j_96245f,j_96245f,j_65c4e5,j_4d1cd5,j_87c696,j_7f8f8d,,j_4d1cd5,,j_76de18,,,,j_76de18,,j_65c4e5,,,,j_4d1cd5,,
2022-07-16,,,,,,,,,j_4d1cd5,j_4d1cd5,,j_76de18,j_76de18,j_7f8f8d,,j_76de18,,j_7f8f8d,,,,j_4d1cd5,,
2022-07-17,,,,,,,,,j_541cf7,j_4d1cd5,j_29ec65,j_76de18,j_76de18,j_231df3,j_3a1d18,j_76de18,j_4d44be,j_1c7390,j_4d1cd5,j_49b533,j_231df3,j_4d1cd5,j_4c3661,j_541cf7
2022-07-18,j_1608a6,j_8c587e,j_708983,j_906159,j_8c587e,j_4d1cd5,j_194e1c,j_8c587e,j_541cf7,j_4d1cd5,j_88e9f4,j_76de18,j_76de18,j_57659,j_3a1d18,j_76de18,j_4d44be,j_1c7390,j_4d1cd5,j_49b533,j_88e9f4,j_69822f,j_4c3661,j_541cf7
2022-07-19,j_1608a6,j_8c587e,j_708983,j_906159,j_8c587e,j_b82f9,j_194e1c,j_8c587e,j_7e06c3,j_7318a8,j_88e9f4,j_76de18,j_76de18,j_57659,j_75febc,j_76de18,j_ac212,j_1c7390,j_689255,j_7e06c3,j_88e9f4,j_69822f,j_e9f42,j_e9f42
2022-07-20,j_1608a6,j_76de18,j_708983,j_8e328a,j_8c587e,j_b82f9,j_7318a8,j_8c587e,j_7e06c3,,j_8c587e,,j_76de18,j_57659,j_75febc,j_76de18,j_ac212,j_7318a8,j_689255,j_7e06c3,j_31067,j_7318a8,j_e9f42,j_e9f42
2022-07-21,j_1608a6,j_8c587e,j_4e2110,j_4d1ae6,j_8c587e,j_8d0410,j_7318a8,j_8c587e,j_6bcd3a,,j_91dea0,,j_8ad588,j_3cb521,j_4dc37b,j_11d240,j_11d240,,j_42334c,j_7318a8,j_4dc37b,j_7318a8,j_e9f42,j_e9f42
2022-07-22,j_8d0410,j_11d240,j_4e2110,j_4d1ae6,j_791031,j_8d0410,j_7318a8,j_37202b,j_37202b,j_7318a8,j_91dea0,j_4d9fb4,j_791031,j_3cb521,j_4dc37b,,j_11d240,,j_42334c,j_7318a8,j_4dc37b,,j_37202b,j_4d9fb4
2022-07-23,,,,,,,,,,j_7318a8,j_37202b,j_4d9fb4,,,j_8be740,,j_791031,j_7318a8,j_37202b,j_7318a8,j_791031,,j_37202b,j_4d9fb4
2022-07-24,,,,,,,,,,j_7318a8,,j_7318a8,,,,j_4d9fb4,,j_8be740,,,,j_7318a8,,
2022-07-25,j_5adc5b,j_8b57a7,j_8e49a8,j_961396,j_37202b,j_5beaf5,j_8b57a7,j_37202b,j_37202b,j_961396,,j_8416c3,j_5beaf5,j_1a5703,,j_8416c3,,j_61111e,,,,j_863c55,,
2022-07-26,j_5adc5b,j_82a49d,j_8e49a8,j_961396,j_3212e0,j_5beaf5,j_5c5903,j_37202b,j_37202b,j_961396,j_82a49d,j_8416c3,j_5beaf5,j_1a5703,j_5c5903,j_8416c3,j_74af8c,j_61111e,j_3212e0,j_88cc7,j_171f9,j_863c55,j_37202b,j_63eb90
2022-07-27,j_14c71a,j_82a49d,j_8e49a8,j_961396,j_3212e0,j_512449,j_5c5903,j_37202b,j_37202b,j_961396,j_82a49d,j_7d1a4f,j_68a044,j_512449,j_5c5903,j_278616,j_74af8c,j_61111e,j_3212e0,j_278616,j_6a9fb7,j_278616,j_37202b,j_63eb90
2022-07-28,j_14c71a,j_82a49d,j_5d2ba5,j_935c6,j_6ff697,j_512449,j_5c5903,j_1004ee,j_191d40,j_123d7a,j_82a49d,j_7d1a4f,j_68a044,j_512449,j_5c5903,j_278616,j_5d2ba5,j_123d7a,j_191d40,j_278616,j_6ff697,j_278616,j_730ae8,j_63eb90
2022-07-29,j_14c71a,j_67a00c,j_5d2ba5,j_22bf97,j_22bf97,j_512449,j_3f7292,j_1004ee,j_191d40,,j_1fd28f,,j_22bf97,j_512449,j_67a00c,j_278616,j_5d2ba5,j_6c161,j_191d40,j_278616,j_59f530,j_278616,j_730ae8,j_6c161
2022-07-30,,,,,,,,,j_22bf97,,j_1fd28f,,j_6c161,j_22bf97,j_22bf97,j_278616,j_5d2ba5,,j_14c71a,j_278616,j_3f7292,j_278616,j_5d2ba5,j_6c161
2022-07-31,,,,,,,,,j_6c161,j_432ee1,j_59f530,j_108253,j_278616,j_22bf97,j_22bf97,,j_108253,,j_2efdca,j_278616,j_22bf97,,j_278616,j_6c161
2022-08-01,j_38a3d2,j_34bb48,j_5f5c91,j_89b904,j_5f5c91,j_459a1f,j_36c822,j_38a3d2,,j_432ee1,j_58526e,j_108253,,,j_36c822,,j_108253,j_5f5c91,j_2efdca,j_8eace8,j_38a3d2,,j_698b23,j_4aaf57
2022-08-02,j_698b23,j_34bb48,j_36c822,j_89b904,j_5f5c91,j_108253,j_36c822,j_58526e,,j_38a3d2,,j_108253,,,,j_4aaf57,,j_5f5c91,,,,j_5f5c91,,
2022-08-03,j_38a3d2,j_7c4329,j_5f5c91,j_8355ca,j_5f5c91,j_758d9e,j_8355ca,j_38a3d2,j_8eace8,j_38a3d2,,j_758d9e,j_649267,j_8eace8,,j_4aaf57,,j_5f5c91,,,,j_649267,,
2022-08-04,j_38a3d2,j_3e6f48,j_5f5c91,j_8355ca,j_5f5c91,j_758d9e,j_8355ca,j_38a3d2,j_8eace8,j_723da1,j_4d2c03,j_758d9e,j_723da1,j_48fc45,j_8b24eb,j_4d2c03,j_3365d3,j_5f5c91,j_7eb694,j_8eace8,j_38a3d2,j_1222c6,j_3e6f48,j_4558bc
2022-08-05,j_38a3d2,j_83bf06,j_4436a6,j_83bf06,j_d02ea,j_5c68bb,j_4fe839,j_38a3d2,j_8eace8,j_909e93,j_4d2c03,j_256a0d,j_2f6bd7,j_23462f,j_8b24eb,j_4d2c03,j_3365d3,j_4fe839,j_7eb694,j_8eace8,j_38a3d2,j_1222c6,j_5007b,j_4558bc
2022-08-06,,,,,,,,,j_d02ea,j_5c68bb,j_4d2c03,j_256a0d,j_2f6bd7,j_23462f,j_8ae39d,j_4d2c03,j_4fe839,j_83bf06,j_909e93,j_4436a6,j_83bf06,j_4fe839,j_8ae39d,j_4558bc
2022-08-07,,,,,,,,,j_802c02,,j_1a941d,,j_34fa11,j_23462f,j_8ae39d,j_6d8602,j_4fe839,j_83bf06,j_1a941d,j_34fa11,j_83bf06,j_4fe839,j_8ae39d,j_32162c
2022-08-08,j_19e894,j_83bf06,j_3a6870,j_83bf06,j_8c71b9,j_4881aa,j_3a6870,j_77f50c,j_7c02cf,,j_77f50c,,j_19fce9,j_77f50c,j_514993,j_6d8602,j_794cc6,,j_73fe76,j_794cc6,j_7c5a09,j_226ebb,j_ac3f5,j_32162c
2022-08-09,j_19e894,j_673c8a,j_3a6870,j_226ebb,j_8c71b9,j_4881aa,j_3a6870,j_77f50c,j_7c02cf,j_5dc821,j_77f50c,j_673c8a,j_19fce9,j_77f50c,j_514993,,j_794cc6,,j_73fe76,j_794cc6,j_39275e,,j_ac3f5,j_55cb98
2022-08-10,j_19e894,j_77f50c,j_3a6870,j_1b2d4b,j_f15b,j_770731,j_3a6870,j_77f50c,,j_5dc821,j_77f50c,j_673c8a,,,j_384fbc,,j_794cc6,j_673c8a,j_f15b,j_794cc6,j_39275e,,j_770731,j_55cb98
2022-08-11,j_3aa2ad,j_77f50c,j_6c556e,j_384fbc,j_764c8b,j_77f50c,j_3aa2ad,j_77f50c,,j_5dc821,,j_673c8a,,,,j_5b5b6f,,j_673c8a,,,,j_30b75,,
2022-08-12,j_3aa2ad,j_90f6d9,j_6c556e,j_1d7cd7,j_764c8b,j_1d7cd7,j_3aa2ad,j_d7d5e,j_66024e,j_4379a3,,j_2db55a,j_1afc37,j_66024e,,j_4379a3,,j_740879,,,,j_1afc37,,
2022-08-13,,,,,,,,,j_740879,j_5d658a,j_734b86,j_2db55a,j_5d658a,j_339624,j_d7d5e,j_90f6d9,j_2db55a,j_1d7cd7,j_77dfdc,j_3aa2ad,j_113af6,j_77dfdc,j_3aa2ad,j_1d7cd7
2022-08-14,,,,,,,,,j_63a30c,j_5d658a,j_734b86,j_7271d9,j_5d658a,j_339624,j_594439,j_255b74,j_60879d,j_1d7cd7,j_69cc8f,j_3f7d46,j_113af6,j_604d26,j_674d67,j_1d7cd7
2022-08-15,j_3d4c56,j_1bf88c,j_10ccfe,j_1d7cd7,j_10ccfe,j_1d7cd7,j_94aa89,j_56b40c,j_56b40c,j_1bf88c,j_515854,j_7271d9,j_3d4c56,j_56b40c,j_5cce2,j_71f021,j_1f15ae,j_8d7249,j_10ccfe,j_3f7d46,j_3708cc,j_604d26,j_55eded,j_1f15ae
2022-08-16,j_3d4c56,j_1bf88c,j_10ccfe,j_ecbe3,j_10ccfe,j_94aa89,j_94aa89,j_56b40c,j_56b40c,,j_1bf88c,,j_3d4c56,j_56b40c,j_5cce2,j_71f021,j_1f15ae,j_8d7249,j_10ccfe,j_fc4a6,j_850a7d,j_fc4a6,j_55eded,j_1f15ae
2022-08-17,j_310017,j_1bf88c,j_10ccfe,j_ecbe3,j_10ccfe,j_850a7d,j_304569,j_56b40c,j_56b40c,,j_1bf88c,,j_317cbd,j_56b40c,j_9421e5,j_317cbd,j_1f15ae,,j_10ccfe,j_fc4a6,j_850a7d,j_fc4a6,j_3fcd7c,j_1f15ae
2022-08-18,j_310017,j_1bf88c,j_10ccfe,j_317cbd,j_10ccfe,j_80b8a8,j_304569,j_56b40c,j_56b40c,j_1bf88c,j_97ea4d,j_901786,j_317cbd,j_56b40c,j_9421e5,,j_701f42,,j_10ccfe,j_901786,j_2c73b3,,j_3fcd7c,j_2c73b3
2022-08-19,j_8cf9f9,j_4b6d46,j_a0364,j_56b40c,j_b51f0,j_80b8a8,j_317cbd,j_56b40c,,j_4b6d46,j_97ea4d,j_901786,,,j_56b40c,,j_701f42,j_4b6d46,j_8cf9f9,j_901786,j_317cbd,,j_3fcd7c,j_3aef53
2022-08-20,,,,,,,,,,j_56b40c,,j_56b40c,,,,j_56b40c,,j_901786,,,,j_901786,,
2022-08-21,,,,,,,,,j_56b40c,j_8cf9f9,,j_901786,j_8cf9f9,j_56b40c,,j_56b40c,,j_b51f0,,,,j_901786,,
2022-08-22,j_8cf9f9,j_4b6d46,j_a0364,j_392804,j_b51f0,j_221648,j_833705,j_3bd3b6,j_680ae9,j_4b6d46,j_390a87,j_a0364,j_47920,j_47920,j_252c09,j_67a878,j_393fe4,j_4b6d46,j_8cf9f9,j_680ae9,j_392804,j_3101ee,j_221648,j_3aef53
2022-08-23,j_56c799,j_4b6d46,j_a0364,j_392804,j_ac781,j_221648,j_56c799,j_5d244a,j_5d244a,j_4b6d46,j_59d431,j_a0364,j_47920,j_47920,j_252c09,j_6b88e2,j_ac781,j_4b6d46,j_66953c,j_47920,j_392804,j_3101ee,j_221648,j_6b88e2
2022-08-24,j_56c799,j_4b6d46,j_a0364,j_392804,j_ac781,j_221648,j_56c799,j_5d244a,j_5d244a,j_4b6d46,j_59d431,j_a0364,j_47920,j_47920,j_59d431,j_6b88e2,j_ac781,j_4b6d46,j_66953c,j_47920,j_392804,j_59d431,j_221648,j_6b88e2
2022-08-25,j_56c799,j_4b6d46,j_f3e8b,j_f3e8b,j_56c799,j_3d376d,j_4b6d46,j_5e237d,j_2ec3d8,,j_59d431,,j_5e237d,j_5e391e,j_59d431,j_5e391e,j_89635e,j_4b6d46,j_5e391e,j_370881,j_11b20b,j_59d431,j_4cfca2,j_17edda
2022-08-26,j_56c799,j_4b6d46,j_f3e8b,j_f3e8b,j_56c799,j_5e237d,j_4b6d46,j_4b6d46,j_2ec3d8,,j_59d431,,j_5e237d,j_5e391e,j_59d431,j_5e391e,j_89635e,,j_5e391e,j_6e9fd,j_11b20b,j_59d431,j_4cfca2,j_17edda
2022-08-27,,,,,,,,,j_5e391e,j_59d431,j_59d431,j_4243d1,j_36df7c,j_5e391e,j_59d431,,j_6e9fd,,j_5e391e,j_6e9fd,j_2c52e1,,j_56b67f,j_17edda
2022-08-28,,,,,,,,,,j_59d431,j_59d431,j_f097d,,,j_59d431,,j_3dfd31,j_9c4cc,j_5e391e,j_5e391e,j_3dfd31,,j_5e391e,j_9c4cc
2022-08-29,j_5e391e,j_9c4cc,j_83dfca,j_35affa,j_5e391e,j_35affa,j_5e391e,j_894609,,j_59d431,,j_f097d,,,,j_59d431,,j_9c4cc,,,,j_59d431,,
2022-08-30,j_2e201,j_8bc4fb,j_681581,j_35affa,j_1bf927,j_35affa,j_7e7bf7,j_7be4e1,j_5df149,j_5b4c73,,j_4cdf31,j_46b628,j_1ac666,,j_259504,,j_5df149,,,,j_8a5169,,
2022-08-31,j_2e201,j_8bc4fb,j_681581,j_984920,j_1bf927,j_76b1ae,j_7e7bf7,j_7be4e1,j_5df149,j_84d7e5,j_970f49,j_97afb0,j_55f69f,j_1ac666,j_7a42e5,j_259504,j_84d7e5,j_5df149,j_7d6e96,j_984920,j_246daa,j_76b1ae,j_970f49,j_7a42e5
2022-09-01,j_2e201,j_1c2a3d,j_20e66f,j_984920,j_45e887,j_974107,j_974107,j_20e66f,j_33a143,j_84d7e5,j_970f49,j_97afb0,j_55f69f,j_1ac666,j_7a42e5,j_f6efe,j_84d7e5,j_1c2a3d,j_7d6e96,j_984920,j_246daa,j_45e887,j_970f49,j_7a42e5
2022-09-02,j_78abb3,j_1b6d2c,j_20e66f,j_69b09f,j_40940c,j_974107,j_974107,j_20e66f,j_33a143,j_84d7e5,j_970f49,j_3ebbf4,j_7abd3f,j_5ce25,j_978c19,j_f6efe,j_84d7e5,j_8bc935,j_8bc935,j_69b09f,j_78abb3,j_8c230,j_970f49,j_978c19
2022-09-03,,,,,,,,,j_1b6d2c,,j_40940c,,j_78abb3,j_3ebbf4,j_8bc935,j_69b09f,j_5ce25,j_8bc935,j_974107,j_7abd3f,j_78abb3,j_8c230,j_69b09f,j_974107
2022-09-04,,,,,,,,,j_15ee69,,j_396847,,j_540a42,j_3853e8,j_8bc935,j_69b09f,j_821666,,j_8bc935,j_69b09f,j_6c629,j_3853e8,j_6c629,j_512870
2022-09-05,j_941691,j_708bb4,j_3853e8,j_565c1d,j_8b853c,j_58c99a,j_5e8817,j_58c99a,j_981a61,j_3c5c44,j_396847,j_79f1e4,j_941691,j_3853e8,j_97c4e7,,j_821666,,j_41e2f8,j_4eeb3d,j_6c629,,j_6c629,j_512870
2022-09-06,j_84edde,j_708bb4,j_3853e8,j_981a61,j_8b853c,j_8cb205,j_5e8817,j_cd05d,,j_3c5c44,j_3853e8,j_79f1e4,,,j_97c4e7,,j_18f848,j_2b6509,j_8cb205,j_61d1c,j_6c629,,j_6c629,j_cd05d
2022-09-07,j_84edde,j_8cb205,j_721b8b,j_562093,j_81ab10,j_8cb205,j_85321e,j_81ab10,,j_1641b5,,j_85321e,,,,j_18f848,,j_2b6509,,,,j_61d1c,,
2022-09-08,j_41b5ef,j_2bfc2f,j_721b8b,j_562093,j_81ab10,j_2f9cde,j_547b9c,j_81ab10,j_4776df,j_1641b5,,j_47d696,j_547b9c,j_4d6b91,,j_285341,,j_7c6351,,,,j_41b5ef,,
2022-09-09,j_41b5ef,j_2bfc2f,j_64e214,j_88d5d,j_81ab10,j_2f9cde,j_547b9c,j_81ab10,j_362e65,j_1641b5,j_7c6351,j_47d696,j_547b9c,j_6dc534,j_64e214,j_7ef52e,j_93c214,j_7c6351,j_93c214,j_88d5d,j_362e65,j_41b5ef,j_5e96cb,j_362e65
2022-09-10,,,,,,,,,j_362e65,j_3bca,j_7c6351,j_64e214,j_711683,j_6dc534,j_64e214,j_63b85a,j_b4f28,j_7c6351,j_41f309,j_3bca,j_362e65,j_63b85a,j_5e96cb,j_362e65
2022-09-11,,,,,,,,,j_362e65,j_50de67,j_7c6351,j_64e214,j_711683,j_263422,j_64e214,j_b4f28,j_b4f28,j_7c6351,j_41f309,j_94105,j_362e65,j_6842a0,j_94105,j_362e65
2022-09-12,j_911cb8,j_911cb8,j_74add6,j_10d189,j_2f34b1,j_20dba2,j_10d189,j_667d6a,j_362e65,,j_7c6351,,j_25184b,j_263422,j_5ea63d,j_2f34b1,j_50de67,j_7c6351,j_26a4e7,j_94105,j_362e65,j_6842a0,j_94105,j_362e65
2022-09-13,j_911cb8,j_911cb8,j_7c6351,j_10d189,j_2f34b1,j_20dba2,j_10d189,j_667d6a,j_362e65,,j_7c6351,,j_25184b,j_263422,j_5ea63d,j_2f34b1,j_74add6,,j_26a4e7,j_94105,j_362e65,j_6842a0,j_94105,j_362e65
2022-09-14,j_459fc3,j_772caf,j_959cd4,j_44f7db,j_25184b,j_44f7db,j_459fc3,j_2eb85,j_8e664c,j_3128cf,j_2e57cc,j_51c312,j_25184b,j_11a78a,j_3dfb29,,j_7c79f7,,j_2e57cc,j_90f288,j_3128cf,,j_3dfb29,j_2eb85
2022-09-15,j_459fc3,j_772caf,j_959cd4,j_44f7db,j_112386,j_44f7db,j_459fc3,j_85c7af,,j_8e664c,j_2e57cc,j_51c312,,,j_391389,,j_7c79f7,j_1ebc11,j_2e57cc,j_90f288,j_8e664c,,j_11a78a,j_1ebc11
2022-09-16,j_2e57cc,j_4f3b1d,j_8e664c,j_44f7db,j_44f7db,j_459fc3,j_459fc3,j_85c7af,,j_8e664c,,j_6921df,,,,j_112386,,j_112386,,,,j_2e57cc,,
2022-09-17,,,,,,,,,j_8e664c,j_8e664c,,j_500da3,j_4f3b1d,j_500da3,,j_112386,,j_112386,,,,j_4f3b1d,,
2022-09-18,,,,,,,,,j_3753f8,j_71e13,j_b07e1,j_500da3,j_add9b,j_500da3,j_71e13,j_521df2,j_27f8a4,j_66c191,j_7d76f7,j_4d9fed,j_507072,j_2e3af4,j_2e3af4,j_b07e1
2022-09-19,j_709009,j_15bb96,j_1e362c,j_5949ae,j_1e362c,j_6a5914,j_6a5914,j_5949ae,j_521df2,j_71e13,j_8d46bb,j_5ea9dd,j_79c5ed,j_76c3d6,j_71e13,j_521df2,j_27f8a4,j_66c191,j_7d76f7,j_5294a0,j_507072,j_1e362c,j_55367c,j_15bb96
2022-09-20,j_709009,j_15bb96,j_1e362c,j_51c63e,j_1e362c,j_5b59eb,j_5d4f67,j_1f5f8b,j_521df2,j_79047b,j_8d46bb,j_5ea9dd,j_79c5ed,j_62090d,j_94557e,j_521df2,j_714317,j_3ab8af,j_5120a5,j_5294a0,j_3ab8af,j_1e362c,j_38fbd8,j_15bb96
2022-09-21,j_98367a,j_292771,j_1e362c,j_79047b,j_1e362c,j_7ef9fc,j_346cac,j_98367a,j_521df2,,j_47bc62,,j_47bc62,j_62090d,j_94557e,j_521df2,j_714317,j_3ab8af,j_5120a5,j_25b91c,j_3ab8af,j_1e362c,j_7ef9fc,j_7ef9fc
2022-09-22,j_98367a,j_45792c,j_1e362c,j_20ffc7,j_1e362c,j_7ef9fc,j_98367a,j_3ab8af,j_20ffc7,,j_47bc62,,j_47bc62,j_955e1c,j_94557e,j_9023d9,j_314986,,j_45792c,j_25b91c,j_3ab8af,j_1e362c,j_7ef9fc,j_7ef9fc
2022-09-23,j_98367a,j_45792c,j_1e362c,j_20ffc7,j_1e362c,j_7ef9fc,j_1e362c,j_98367a,j_20ffc7,j_7efa12,j_47bc62,j_314986,j_47bc62,j_955e1c,j_7efa12,,j_314986,,j_45792c,j_7efa12,j_2c2a1c,,j_7ef9fc,j_7ef9fc
2022-09-24,,,,,,,,,,j_7efa12,j_ff717,j_314986,,,j_20ffc7,,j_314986,j_7ef9fc,j_20ffc7,j_7efa12,j_7efa12,,j_7ef9fc,j_7ef9fc
2022-09-25,,,,,,,,,,j_7efa12,,j_ff717,,,,j_7efa12,,j_ff717,,,,j_7efa12,,
2022-09-26,j_8caf32,j_8caf32,j_825dd7,j_497bb9,j_64a44f,j_3a1a17,j_65d04a,j_bc44c,j_64a44f,j_7efa12,,j_497bb9,j_825dd7,j_3a1a17,,j_7efa12,,j_604a61,,,,j_7efa12,,
2022-09-27,j_8caf32,j_8caf32,j_825dd7,j_497bb9,j_64a44f,j_3a1a17,j_65d04a,j_566f8e,j_64a44f,j_7efa12,j_7ccc7e,j_497bb9,j_825dd7,j_3a1a17,j_7efa12,j_498591,j_530420,j_604a61,j_10d5ec,j_7efa12,j_10d5ec,j_663539,j_498591,j_530420
2022-09-28,j_3c8e7d,j_2673bf,j_3291f3,j_3fabc2,j_64a44f,j_3a1a17,j_65d04a,j_20c3a9,j_64a44f,j_7efa12,j_7ccc7e,j_8194a9,j_85adf2,j_3a1a17,j_7efa12,j_498591,j_530420,j_7dbbb6,j_973775,j_7efa12,j_7dbbb6,j_176992,j_498591,j_530420
2022-09-29,j_3c8e7d,j_d4c44,j_3291f3,j_1599ce,j_88863e,j_2fb5b4,j_868ade,j_20c3a9,j_6f0c8f,j_7efa12,j_1599ce,j_8194a9,j_85adf2,j_442202,j_7efa12,j_498591,j_8527c2,j_7dbbb6,j_973775,j_7efa12,j_7dbbb6,j_176992,j_498591,j_88863e
2022-09-30,j_3c8e7d,j_702bc0,j_442202,j_1599ce,j_88863e,j_2fb5b4,j_868ade,j_3fcaa8,j_6f0c8f,,j_1599ce,,j_324b54,j_442202,j_72e7af,j_702bc0,j_8527c2,j_7dbbb6,j_32df3f,j_1cb715,j_7dbbb6,j_1cb715,j_3ec8c5,j_88863e
2022-10-01,,,,,,,,,j_702bc0,,j_1599ce,,j_32df3f,j_702bc0,j_72e7af,j_1599ce,j_1cb715,,j_1cb715,j_88863e,j_7dbbb6,j_88863e,j_3ec8c5,j_7dbbb6
2022-10-02,,,,,,,,,j_702bc0,j_389558,j_1599ce,j_89d950,j_324b54,j_702bc0,j_72e7af,,j_1cb715,,j_1599ce,j_1cb715,j_89d950,,j_5bfb5,j_1595d3
2022-10-03,j_9f3c2,j_895ec0,j_2dd9ae,j_5af0e1,j_5af0e1,j_1182c4,j_9f3c2,j_5705f4,,j_389558,j_1595d3,j_89d950,,,j_252ab6,,j_228b36,j_881893,j_3e9dec,j_5bef88,j_89d950,,j_5bfb5,j_1595d3
2022-10-04,j_9f3c2,j_953c13,j_89d950,j_2e0138,j_2dd9ae,j_1182c4,j_9f3c2,j_415042,,j_3e9dec,,j_89d950,,,,j_252ab6,,j_881893,,,,j_91277d,,
2022-10-05,j_9f3c2,j_4ae887,j_7233a7,j_271896,j_6a716b,j_28d3ea,j_9f3c2,j_415042,j_6a716b,j_32f2a6,,j_46744f,j_6b6dff,j_6b6dff,,j_702b58,,j_702b58,,,,j_91277d,,
2022-10-06,j_3dacd6,j_657c40,j_7233a7,j_271896,j_6a716b,j_28d3ea,j_3ab86f,j_1cc711,j_6a716b,j_32f2a6,j_1cc711,j_1cc711,j_6b6dff,j_6b6dff,j_d3d1f,j_702b58,j_84fdb3,j_702b58,j_73b83d,j_4c9851,j_981d62,j_73b83d,j_49851a,j_3fda74
2022-10-07,j_3dacd6,j_657c40,j_17c338,j_913d50,j_6a716b,j_5a847b,j_3ab86f,j_1cc711,j_6a716b,j_1d70db,j_1cc711,j_1cc711,j_4e22eb,j_5a847b,j_d3d1f,j_702b58,j_34123e,j_702b58,j_73b83d,j_4c9851,j_17c338,j_73b83d,j_49851a,j_3fda74
2022-10-08,,,,,,,,,j_913d50,j_3dacd6,j_1cc711,j_1cc711,j_4e22eb,j_34123e,j_89e6bf,j_702b58,j_17c338,j_702b58,j_73b83d,j_1cc711,j_17c338,j_73b83d,j_49851a,j_1d70db
2022-10-09,,,,,,,,,j_57b8ae,,j_1cc711,,j_239a4a,j_19e2ed,j_239a4a,j_1a60d,j_5ba56e,j_1cc711,j_90142a,j_1cc711,j_74d589,j_8714d4,j_239a4a,j_97a946
2022-10-10,j_4fe342,j_4fe342,j_270407,j_8427c5,j_89dcd3,j_2061e1,j_1e4c81,j_1cc711,j_57b8ae,,j_1cc711,,j_239a4a,j_19e2ed,j_239a4a,j_1a60d,j_5ba56e,,j_51fd42,j_1cc711,j_8427c5,j_8714d4,j_239a4a,j_97a946
2022-10-11,j_4fe342,j_4fe342,j_270407,j_907046,j_89dcd3,j_2be44f,j_12ff9c,j_1cc711,j_2e4e43,j_21558,j_1cc711,j_1cc711,j_8d23b1,j_5cbc7d,j_2be44f,,j_2e4e43,,j_51fd42,j_744bf6,j_950586,,j_2fe79,j_5cbc7d
2022-10-12,j_81bcd8,j_987ad2,j_392cd8,j_907046,j_102cc5,j_2be44f,j_81bcd8,j_88e7f8,,j_21558,j_88e7f8,j_53082a,,,j_2e4e43,,j_2e4e43,j_2be44f,j_1bdf81,j_5cbc7d,j_102cc5,,j_2fe79,j_5cbc7d
2022-10-13,j_102cc5,j_1bdf81,j_2be44f,j_102cc5,j_5cbc7d,j_2be44f,j_2e4e43,j_3f6eb5,,j_5cbc7d,,j_81bcd8,,,,j_3f6eb5,,j_2e4e43,,,,j_81bcd8,,
2022-10-14,j_102cc5,j_702692,j_2b23a3,j_1061d3,j_102cc5,j_702692,j_81bcd8,j_6e9bda,j_87d479,j_87d479,,j_81bcd8,j_178e1c,j_619b66,,j_619b66,,j_6de06a,,,,j_289c59,,
2022-10-15,,,,,,,,,j_27e981,j_6de06a,j_1061d3,j_73a068,j_178e1c,j_619b66,j_702692,j_619b66,j_27e981,j_702692,j_5c2930,j_269659,j_5c2930,j_6e9bda,j_61f551,j_2b23a3
2022-10-16,,,,,,,,,j_7c540f,j_6893f1,j_7920c6,j_73a068,j_2db321,j_619b66,j_7c540f,j_619b66,j_935f52,j_7920c6,j_5c2930,j_269659,j_5c2930,j_7c540f,j_61f551,j_24755d
2022-10-17,j_8a2bea,j_33c0d9,j_288bf9,j_6893f1,j_8a2bea,j_82984c,j_7dc55f,j_2ab6de,j_7c540f,j_6893f1,j_7920c6,j_82984c,j_7dc55f,j_619b66,j_7c540f,j_619b66,j_935f52,j_7920c6,j_5c2930,j_37f1b2,j_5c2930,j_7c540f,j_8f1032,j_24755d
2022-10-18,j_37f1b2,j_33c0d9,j_288bf9,j_6893f1,j_8a2bea,j_82984c,j_7dc55f,j_8a2bea,j_7c540f,,j_7920c6,,j_7dc55f,j_619b66,j_7c540f,j_619b66,j_2ab6de,j_7920c6,j_5c2930,j_6893f1,j_5c2930,j_7c540f,j_8f1032,j_82984c
2022-10-19,j_6a3a99,j_6a3a99,j_4640a5,j_6893f1,j_5a6174,j_36f722,j_7dc55f,j_2ab6de,j_7c540f,,j_7920c6,,j_7dc55f,j_8e861f,j_7c540f,j_6b89c7,j_2ab6de,,j_7920c6,j_6893f1,j_4dbe05,j_7c540f,j_36f722,j_8fa864
2022-10-20,j_6a3a99,j_6a3a99,j_735a07,j_2b79fd,j_584964,j_36f722,j_2dba56,j_694e2,j_190590,j_985a3,j_39d0d,j_6d6aa9,j_584964,j_8e861f,j_2dba56,,j_7b6fb5,,j_7063a6,j_7b6fb5,j_4dbe05,,j_36f722,j_8fa864
2022-10-21,j_229afb,j_7b3d85,j_735a07,j_584964,j_584964,j_36f722,j_439bb,j_439bb,,j_985a3,j_39d0d,j_6d6aa9,,,j_7b3d85,,j_7b6fb5,j_190590,j_7063a6,j_7b6fb5,j_5de448,,j_36f722,j_5de448
2022-10-22,,,,,,,,,,j_584964,,j_439bb,,,,j_439bb,,j_229afb,,,,j_584964,,
2022-10-23,,,,,,,,,j_7b3d85,j_483d9f,,j_439bb,j_169da1,j_180644,,j_439bb,,j_229afb,,,,j_7b3d85,,
2022-10-24,j_356ebe,j_740e2f,j_6ac0b7,j_2afefa,j_219a24,j_7acb95,j_92fc3,j_7ccd0,j_487f61,j_67762f,,j_2afefa,j_169da1,j_180644,j_a1965,j_a1965,j_7225a,j_487f61,,j_18c263,j_5514b6,j_4fc1f3,j_70fd77,
2022-10-25,j_356ebe,j_740e2f,j_6ac0b7,j_7d0c38,j_219a24,j_7acb95,,,j_487f61,,j_12e4ce,,j_12e4ce,,j_a1965,j_a1965,,j_487f61,,j_4cbfaa,,j_4fc1f3,j_70fd77,
2022-10-26,j_60e6bd,,,j_7d0c38,,,j_362287,j_966337,,j_362287,j_4cd463,,,j_34c4b1,,,j_966337,,,j_4cbfaa,,,,
2022-10-27,j_60e6bd,,j_8eb03c,j_6e0045,j_6e0045,,,,,,,,j_19a922,j_34c4b1,,,,,,j_3cc5d3,,,,
2022-10-28,j_60e6bd,,j_8eb03c,j_6e0045,j_6e0045,,,,j_7b3a24,,,,j_19a922,,,,,,,,,,,j_7b3a24
2022-10-29,,,,,,,,,j_7b3a24,,j_189e23,j_3db68,,j_617806,,,,,j_3db68,j_3db68,,,j_189e23,j_7b3a24
2022-10-30,,,,,,,,,,j_243618,j_189e23,j_3db68,,,j_243618,,j_7b3a24,j_617806,j_3db68,j_3db68,j_6bdcd,,j_189e23,j_7b3a24
2022-10-31,j_500f01,j_cd6ba,j_189e23,j_6b79db,j_5e5747,j_3db68,j_5e5747,j_189e23,,j_243618,,j_3db68,,,,j_cd6ba,,j_3db68,,,,j_243618,,
2022-11-01,,,j_5e5747,,j_5e5747,j_3db68,j_5e5747,,,,,j_3db68,j_5e5747,,,j_5e5747,,j_3db68,,,,j_5e5747,,
